product link,apparel name,apparel image,item-price,type,brand
https://leavetherest.com/products/let-bhaigones-be-bhaigones-copy,"Let Bhaigones,be Bhaigones.",https://leavetherest.com/cdn/shop/files/A0CEE2DE-41DF-4722-A26E-6C72DFC4BC9B.jpg?v=1720876943&width=533,"2,664.00",upper,leavetherest
https://leavetherest.com/products/cut-in-the-middle-cut-in-middle,Cut in the middle-cut in middle - RTW,https://leavetherest.com/cdn/shop/files/78DD5054-BB0D-4E75-8151-8766D0E280B3.heic?v=1720797828&width=533,"2,964.00",upper,leavetherest
https://leavetherest.com/products/eagle-eye-crzy-stuff,Eagle eye crzy stuff - RTW,https://leavetherest.com/cdn/shop/files/31A7C6F3-5E05-4F42-A6BE-9402480D8425.heic?v=1720792894&width=533,"2,664.00",upper,leavetherest
https://leavetherest.com/products/rekha-halftone,Rekha halftone. - RTW,https://leavetherest.com/cdn/shop/files/4E1E687C-9A08-4E4F-A23D-B6326DC5F2B9.heic?v=1720766589&width=533,"2,664.00",upper,leavetherest
https://leavetherest.com/products/heltar-skelter-starlink-yellow,Heltar Skelter Starlink-Yellow - RTW,https://leavetherest.com/cdn/shop/files/A7CAA025-4A64-4106-8AE7-E5EAD99A325E.jpg?v=1717219640&width=533,"3,164.00",upper,leavetherest
https://leavetherest.com/products/heltar-skelter-panelled-vine,Heltar Skelter Panelled-Vine - RTW,https://leavetherest.com/cdn/shop/files/FCDCFF1A-33AB-4289-B15F-560973E9020A.jpg?v=1717214716&width=533,"3,164.00",upper,leavetherest
https://leavetherest.com/products/racing-tshirt-red,Racing Tshirt-Red - RTW,https://leavetherest.com/cdn/shop/files/8757A411-D6AD-498D-97A0-D9A5D3D35CE3.jpg?v=1717212878&width=533,"3,164.00",upper,leavetherest
https://leavetherest.com/products/sugar-sanju-detach-attach-copy,Sugar Sanju Detach/Attach - RTW,https://leavetherest.com/cdn/shop/files/A46244EA-5B9C-41AF-B34E-03A3978BA96C_604c7ca4-c7a9-4cc1-9d66-a14936a0567e.jpg?v=1713885874&width=533,"2,864.00",upper,leavetherest
https://leavetherest.com/products/black-sleeveless-rivet-t-shirt-black,Black Sleeveless Rivet T-shirt Black,https://leavetherest.com/cdn/shop/files/303252E0-7F72-453D-9366-987D274E843A.jpg?v=1702026152&width=533,"2,864.00",upper,leavetherest
https://leavetherest.com/products/modular-nylon-shirt-white-copy,Polo-Light Pink - RTW,https://leavetherest.com/cdn/shop/files/E72E02AC-3925-49B0-892A-BBFF289E038C.jpg?v=1722869660&width=533,"2,864.00",upper,leavetherest
https://leavetherest.com/products/graphic-tshirt,Graphic Tshirt-Purple - RTW,https://leavetherest.com/cdn/shop/files/08E7BAB1-FFC8-4722-87F8-3F5E70F54A56.jpg?v=1701961955&width=533,"2,864.00",upper,leavetherest
https://leavetherest.com/products/rekha-vest-top-man,Rekha vest top man - RTW,https://leavetherest.com/cdn/shop/files/image_07719652-b064-416e-851d-ef5d0e44c8ca.jpg?v=1690211106&width=533,"1,891.00",upper,leavetherest
https://shopdarwaza.in/products/gulab-kali-shirt,Gulab Kali Shirt,https://shopdarwaza.in/cdn/shop/files/99.png?v=1717753252&width=533,"3,200.00",upper,darwaza
https://shopdarwaza.in/products/pink-gulab-short-kurta,Pink Gulab Short Kurta,https://shopdarwaza.in/cdn/shop/files/158.png?v=1717754383&width=533,"3,200.00",upper,darwaza
https://shopdarwaza.in/products/may-flower-shirt,May-flower Shirt,https://shopdarwaza.in/cdn/shop/files/41.png?v=1717743129&width=533,"3,000.00",upper,darwaza
https://shopdarwaza.in/products/mogra-kali-necklace,Jewellery - Mogra Kali,https://shopdarwaza.in/cdn/shop/files/46.png?v=1719558992&width=533,"1,600.00",accessory,darwaza
https://shopdarwaza.in/products/green-short-kurta,Green Short Kurta,https://shopdarwaza.in/cdn/shop/files/104.png?v=1717753329&width=533,"3,500.00",upper,darwaza
https://shopdarwaza.in/products/bageecha-cross-stitch-shirt,Bageecha Cross-Stitch Shirt,https://shopdarwaza.in/cdn/shop/files/20.png?v=1717742367&width=533,"4,500.00",upper,darwaza
https://shopdarwaza.in/products/passionflower-shirt,Passionflower Shirt,https://shopdarwaza.in/cdn/shop/files/59.png?v=1717743462&width=533,3000,upper,darwaza
https://shopdarwaza.in/products/champa-shirt,Champa Shirt,https://shopdarwaza.in/cdn/shop/files/31.png?v=1719562035&width=533,3500,upper,darwaza
https://shopdarwaza.in/products/rani-short-kurta,Rani Short Kurta,https://shopdarwaza.in/cdn/shop/files/88.png?v=1717754743&width=533,3500,upper,darwaza
https://shopdarwaza.in/products/laal-gulab-garden-short-kurta,Gulabi Full Shirt,https://shopdarwaza.in/cdn/shop/files/150.png?v=1717753971&width=533,3500,upper,darwaza
https://shopdarwaza.in/products/green-border-shirt,Green Border Shirt,https://shopdarwaza.in/cdn/shop/files/139.png?v=1717754585&width=533,3500,upper,darwaza
https://shopdarwaza.in/products/green-darwaza-classics,Green - Darwaza Classics,https://shopdarwaza.in/cdn/shop/files/67.png?v=1717742842&width=533,3500,upper,darwaza
https://shopdarwaza.in/products/flower-field-shirt,Flower Field Shirt,https://shopdarwaza.in/cdn/shop/files/19.png?v=1717742803&width=533,3800,upper,darwaza
https://shopdarwaza.in/products/dil-shirt,Dil Shirt,https://shopdarwaza.in/cdn/shop/files/35.png?v=1717742753&width=533,4000,upper,darwaza
https://shopdarwaza.in/products/desi-gulab-shirt,Desi Gulab Shirt,https://shopdarwaza.in/cdn/shop/files/122.png?v=1717753662&width=533,3500,upper,darwaza
https://shopdarwaza.in/products/cream-mirror-shirt,Cream Mirror Shirt,https://shopdarwaza.in/cdn/shop/files/108.png?v=1717753373&width=533,3800,upper,darwaza
https://shopdarwaza.in/products/cream-jacket,Cream Jacket,https://shopdarwaza.in/cdn/shop/files/127.png?v=1717753781&width=533,4500,upper,darwaza
https://shopdarwaza.in/products/amaltas-shirt,Amaltas,https://shopdarwaza.in/cdn/shop/files/79.png?v=1717742270&width=533,6500,upper,darwaza
https://shopdarwaza.in/products/safed-short-kurta,Safed Short Kurta,https://shopdarwaza.in/cdn/shop/files/91.png?v=1717753145&width=533,4500,upper,darwaza
https://shopdarwaza.in/products/laal-pant,Laal Pant,https://shopdarwaza.in/cdn/shop/files/124_4509266f-2d5b-4b80-8579-a9d9c3e33270.png?v=1717755131&width=533,3000,lower,darwaza
https://shopdarwaza.in/products/kali-cross-stitch-shirt,Kali Cross-Stitch Shirt,https://shopdarwaza.in/cdn/shop/files/12.png?v=1717742981&width=533,4500,upper,darwaza
https://shopdarwaza.in/products/gulmohar-necklace,Jewellery - Gulmohar,https://shopdarwaza.in/cdn/shop/files/44.png?v=1717742943&width=533,1600,jewellery,darwaza
https://shopdarwaza.in/products/yellow-cutwork-shirt,Yellow Cutwork Shirt,https://shopdarwaza.in/cdn/shop/files/131.png?v=1717753828&width=533,3000,upper,darwaza
https://shopdarwaza.in/products/aangan-shirt,Aangan,https://shopdarwaza.in/cdn/shop/files/71.png?v=1717742235&width=533,6000,upper,darwaza
https://shopdarwaza.in/products/safed-gulab-shirt,Safed Gulab Shirt,https://shopdarwaza.in/cdn/shop/files/63.png?v=1717743573&width=533,6000,upper,darwaza
https://shopdarwaza.in/products/mustard-tie-up-short-kurta,Mustard Tie-Up Short Kurta,https://shopdarwaza.in/cdn/shop/files/113.png?v=1717753550&width=533,4000,upper,darwaza
https://shopdarwaza.in/products/mogra-shirt,Mogra Shirt,https://shopdarwaza.in/cdn/shop/files/48.png?v=1717743261&width=533,4500,upper,darwaza
https://shopdarwaza.in/products/mitti-pants,Mitti Pants,https://shopdarwaza.in/cdn/shop/files/11.png?v=1717743187&width=533,3500,lower,darwaza
https://shopdarwaza.in/products/laal-shirt,Laal Shirt,https://shopdarwaza.in/cdn/shop/files/118.png?v=1717753476&width=533,3500,upper,darwaza
https://shopdarwaza.in/products/krishna-kamal-shirt,Krishna Kamal,https://shopdarwaza.in/cdn/shop/files/6.png?v=1717743089&width=533,4000,upper,darwaza
https://shopdarwaza.in/products/kamal-mirror-shirt,Kamal Mirror Shirt,https://shopdarwaza.in/cdn/shop/files/83.png?v=1717743026&width=533,3800,upper,darwaza
https://shopdarwaza.in/products/gulab-shirt-darwaza-classics,Gulab Shirt - Darwaza Classics,https://shopdarwaza.in/cdn/shop/files/52.png?v=1717742907&width=533,5000,upper,darwaza
https://shopdarwaza.in/products/bloom-shirt,Bloom Shirt,https://shopdarwaza.in/cdn/shop/files/39.png?v=1717742492&width=533,3800,upper,darwaza
https://shopdarwaza.in/products/sadabahar-shirt,Sadabahar Shirt,https://shopdarwaza.in/cdn/shop/files/1_fc6ef6c0-4358-4d61-9b55-b1bda2ff6d87.png?v=1717743533&width=533,6000,upper,darwaza
https://shopdarwaza.in/products/maroon-vest-jacket,Maroon Vest Jacket,https://shopdarwaza.in/cdn/shop/files/152.png?v=1717754334&width=533,3500,upper,darwaza
https://www.six5sixstreet.com/collections/bottoms/products/sand-denim-cargos,Sand Denim Cargos,https://cdn.shopify.com/s/files/1/0261/6518/2569/files/E730BDF1-2C21-418A-BEF5-5970C278A3F5_grande.jpg?v=1726402398,"2,450.00",lower,six5six
https://www.six5sixstreet.com/collections/bottoms/products/hotspot-denim-jorts,Hotspot Denim Jorts,https://cdn.shopify.com/s/files/1/0261/6518/2569/files/IMG_3869_VSCO_d309628f-bc90-4315-9b51-fc7f933208f6_grande.jpg?v=1722599391,"1,750.00",lower,six5six
https://www.six5sixstreet.com/collections/bottoms/products/poolside-co-ord-shorts,Poolside Co-Ord Shorts,https://cdn.shopify.com/s/files/1/0261/6518/2569/files/IMG_3888_VSCO_grande.jpg?v=1722598973,"1,400.00",lower,six5six
https://www.six5sixstreet.com/collections/bottoms/products/beluga-co-ord-shorts,Beluga Co-Ord Shorts,https://cdn.shopify.com/s/files/1/0261/6518/2569/files/IMG_3361_VSCO_grande.jpg?v=1722598589,"1,400.00",lower,six5six
https://www.six5sixstreet.com/collections/bottoms/products/sauna-co-ord-bow-pants,Sauna Co-Ord Bow Pants,https://cdn.shopify.com/s/files/1/0261/6518/2569/files/IMG_3862_VSCO_grande.jpg?v=1722597113,"1,400.00",lower,six5six
https://www.six5sixstreet.com/collections/bottoms/products/fern-embroidered-co-ord-pants,Fern Embroidered Co-Ord Pants,https://cdn.shopify.com/s/files/1/0261/6518/2569/files/IMG_3857_VSCO_grande.jpg?v=1722238800,"1,890.00",lower,six5six
https://www.six5sixstreet.com/collections/bottoms/products/sunday-blues-co-ord-pants,Sunday Blues Co-Ord Pants,https://cdn.shopify.com/s/files/1/0261/6518/2569/files/IMG_3847_VSCO_grande.jpg?v=1721638097,"1,750.00",lower,six5six
https://www.six5sixstreet.com/collections/bottoms/products/pine-co-ord-pants-copy,Slush Co-Ord Pants,https://cdn.shopify.com/s/files/1/0261/6518/2569/files/IMG_3873_VSCO_grande.jpg?v=1721637961,"1,750.00",lower,six5six
https://www.six5sixstreet.com/collections/bottoms/products/pine-co-ord-pants,Pine Co-Ord Pants,https://cdn.shopify.com/s/files/1/0261/6518/2569/files/IMG_3354_VSCO_grande.jpg?v=1721637747,"1,750.00",lower,six5six
https://www.six5sixstreet.com/collections/bottoms/products/celadon-co-ord-pants,Celadon Co-Ord Pants,https://cdn.shopify.com/s/files/1/0261/6518/2569/files/IMG_3347_VSCO_grande.jpg?v=1721637551,"1,750.00",lower,six5six
https://www.six5sixstreet.com/collections/bottoms/products/azure-co-ord-pants,Azure Co-Ord Pants,https://cdn.shopify.com/s/files/1/0261/6518/2569/files/IMG_3842_VSCO_cdc6f565-c351-496e-a775-4b395aacc159_grande.jpg?v=1721638150,"1,750.00",lower,six5six
https://www.six5sixstreet.com/collections/bottoms/products/aquamarine-denim-cargos,Aquamarine Denim Cargos,https://cdn.shopify.com/s/files/1/0261/6518/2569/files/5C35034C-9703-4775-976B-7F2AF7D48B36_grande.jpg?v=1713184712,"2,450.00",lower,six5six
https://www.six5sixstreet.com/collections/bottoms/products/raven-pants,Raven Pants,https://cdn.shopify.com/s/files/1/0261/6518/2569/files/8E97B563-FC12-49C9-8FCD-D79E37ABE849_grande.jpg?v=1712319298,"1,750.00",lower,six5six
https://www.six5sixstreet.com/collections/bottoms/products/obsidian-pants,Obsidian Pants,https://cdn.shopify.com/s/files/1/0261/6518/2569/files/AC17DD7D-3069-48BF-9ABE-D15F71BF8702_grande.jpg?v=1712318937,"1,750.00",lower,six5six
https://www.six5sixstreet.com/collections/bottoms/products/cloud-dust-jeans,Cloud Dust Jeans,https://cdn.shopify.com/s/files/1/0261/6518/2569/files/57713EB6-D5AB-4088-AC29-86871D60AC7A_grande.jpg?v=1712318451,"2,800.00",lower,six5six
https://www.six5sixstreet.com/collections/bottoms/products/brick-denim-cargos,Brick Denim Cargos,https://cdn.shopify.com/s/files/1/0261/6518/2569/files/534E8C56-11B5-422B-AC7C-2D7D20C4D47F_grande.jpg?v=1712314771,"2,450.00",lower,six5six
https://www.six5sixstreet.com/collections/bottoms/products/congo-oversized-jeans,Congo Oversized Jeans,https://cdn.shopify.com/s/files/1/0261/6518/2569/files/BBAE0503-5B86-4021-B8DF-C4E45553371B_grande.jpg?v=1712318124,"2,800.00",lower,six5six
https://www.six5sixstreet.com/collections/bottoms/products/trail-oversized-jeans,Trail Oversized Jeans,https://cdn.shopify.com/s/files/1/0261/6518/2569/files/6D50C1F3-FFD6-4C6E-ABB8-DFEFA582D58B_grande.jpg?v=1712315532,"2,800.00",lower,six5six
https://www.six5sixstreet.com/collections/bottoms/products/astral-denim-jeans-ash,Astral Denim Jeans Ash,https://cdn.shopify.com/s/files/1/0261/6518/2569/files/Six5sixecom-3270copy_grande.jpg?v=1704711970,"2,450.00",lower,six5six
https://www.six5sixstreet.com/collections/bottoms/products/astral-denim-top-jeans-blue,Astral Denim Jeans Blue,https://cdn.shopify.com/s/files/1/0261/6518/2569/files/Six5sixecom-3956copy_grande.jpg?v=1704713222,"2,450.00",lower,six5six
https://www.six5sixstreet.com/collections/bottoms/products/hydrous-oversized-jeans,Hydrous Oversized Jeans,https://cdn.shopify.com/s/files/1/0261/6518/2569/files/Six5sixecom-3819copy_grande.jpg?v=1703067933,"2,450.00",lower,six5six
https://www.six5sixstreet.com/collections/bottoms/products/grime-oversized-jeans,Grime Oversized Jeans,https://cdn.shopify.com/s/files/1/0261/6518/2569/files/Six5sixecom-3541copy_grande.jpg?v=1703067970,"2,450.00",lower,six5six
https://www.six5sixstreet.com/collections/bottoms/products/algae-cargos,Algae Cargos,https://cdn.shopify.com/s/files/1/0261/6518/2569/files/Six5sixecom-3301copy_grande.jpg?v=1703067067,"2,100.00",lower,six5six
https://www.six5sixstreet.com/collections/bottoms/products/electricity-cargos,Electricity Cargos,https://cdn.shopify.com/s/files/1/0261/6518/2569/files/Six5sixecom-3798copy_grande.jpg?v=1703065107,"2,100.00",lower,six5six
https://www.six5sixstreet.com/collections/bottoms/products/biodiesel-cargos,Biodiesel Cargos,https://cdn.shopify.com/s/files/1/0261/6518/2569/files/Six5sixecom-3365copy_grande.jpg?v=1703065041,"2,100.00",lower,six5six
https://www.six5sixstreet.com/collections/bottoms/products/quartz-pant,Quartz Pant,https://cdn.shopify.com/s/files/1/0261/6518/2569/files/Oct23six5six-1520copy_grande.jpg?v=1697116011,"1,750.00",lower,six5six
https://www.six5sixstreet.com/collections/bottoms/products/jet-tracksuit-pant,Jet Tracksuit Pant,https://cdn.shopify.com/s/files/1/0261/6518/2569/files/Oct23six5six-2009copy_grande.jpg?v=1697095697,999.00,lower,six5six
https://www.six5sixstreet.com/collections/bottoms/products/old-school-denim-skirt-2,Old School Denim Skirt Blue,https://cdn.shopify.com/s/files/1/0261/6518/2569/files/Oct23six5six-1257copy_grande.jpg?v=1697095219,"3,500.00",lower,six5six
https://www.six5sixstreet.com/collections/bottoms/products/old-school-denim-skirt-1,Old School Denim Skirt Black,https://cdn.shopify.com/s/files/1/0261/6518/2569/files/Oct23six5six-0440copy_grande.jpg?v=1697095342,"2,450.00",lower,six5six
https://www.six5sixstreet.com/collections/bottoms/products/old-school-denim-skirt,Old School Denim Skirt Rust,https://cdn.shopify.com/s/files/1/0261/6518/2569/files/Oct23six5six-0113copy_grande.jpg?v=1697095327,"2,450.00",lower,six5six
https://www.six5sixstreet.com/collections/bottoms/products/cabin-multipocket-cargos-1,Cabin Multipocket Cargos Black,https://cdn.shopify.com/s/files/1/0261/6518/2569/files/Oct23six5six-0703copy_grande.jpg?v=1697095487,"2,800.00",lower,six5six
https://www.six5sixstreet.com/collections/bottoms/products/cabin-multipocket-cargos,Cabin Multipocket Cargos Grey,https://cdn.shopify.com/s/files/1/0261/6518/2569/files/Oct23six5six-0944copy_109620ce-edc3-4e64-ad8d-dcf90afde0fa_grande.jpg?v=1697095396,"2,800.00",lower,six5six
https://www.six5sixstreet.com/collections/bottoms/products/waffle-resort-pants,Waffle Resort Pants,https://cdn.shopify.com/s/files/1/0261/6518/2569/files/0R5A1249_grande.jpg?v=1687512116,"2,450.00",lower,six5six
https://www.six5sixstreet.com/collections/bottoms/products/jelly-denim-cargos,Jelly Denim Cargos,https://cdn.shopify.com/s/files/1/0261/6518/2569/files/0R5A1449_grande.jpg?v=1687512082,"2,450.00",lower,six5six
https://www.six5sixstreet.com/collections/bottoms/products/gasoline-denim-cargos-black,Ozone Denim Cargos,https://cdn.shopify.com/s/files/1/0261/6518/2569/files/SIX5SIX_0271_grande.jpg?v=1682498845,"2,450.00",lower,six5six
https://www.six5sixstreet.com/collections/bottoms/products/656-feb-001,Diesel Cargo Pants,https://cdn.shopify.com/s/files/1/0261/6518/2569/products/12_f1895be5-61b7-4b2f-81a2-d55ffba907c8_grande.png?v=1676358329,"2,450.00",lower,six5six
https://www.six5sixstreet.com/collections/bottoms/products/hangar-joggers-red,Hangar Joggers,https://cdn.shopify.com/s/files/1/0261/6518/2569/products/77_grande.jpg?v=1665131599,999.00,lower,six5six
https://www.six5sixstreet.com/collections/bottoms/products/sunset-pants,Sunset Pants,https://cdn.shopify.com/s/files/1/0261/6518/2569/products/3_90573fb1-8cd5-4458-9168-6f4c5de18292_grande.jpg?v=1665131742,799.00,lower,six5six
https://www.six5sixstreet.com/collections/bottoms/products/petrol-jean-cargos,Petrol Denim Cargos,https://cdn.shopify.com/s/files/1/0261/6518/2569/products/3_eb9c3deb-2f94-4444-b426-bbfea182c40d_grande.jpg?v=1656916461,"2,450.00",lower,six5six
https://www.six5sixstreet.com/collections/bottoms/products/ba6ix-travel-joggers-soil,Ba6Ix Travel Joggers Soil,https://cdn.shopify.com/s/files/1/0261/6518/2569/products/1_79db34d6-7279-499a-9e6d-2094ad475f69_grande.jpg?v=1654410092,999.00,lower,six5six
https://www.six5sixstreet.com/collections/bottoms/products/ba6ix-travel-joggers-moss,Ba6Ix Travel Joggers Moss,https://cdn.shopify.com/s/files/1/0261/6518/2569/products/4_027a98ef-cf24-4e2d-9189-974ba7e5de6f_grande.jpg?v=1654410086,999.00,lower,six5six
https://www.six5sixstreet.com/collections/bottoms/products/90s-denim-valentino-pink,90s Denim Valentino Pink,https://cdn.shopify.com/s/files/1/0261/6518/2569/products/4_4d93bad6-1c7d-4cdb-90c8-e35b9ad63ca8_grande.jpg?v=1654494437,999.00,lower,six5six
https://www.six5sixstreet.com/collections/bottoms/products/cobweb-pants,Cobweb Pants,https://cdn.shopify.com/s/files/1/0261/6518/2569/products/6_70bd70ee-f11f-4bd8-b68f-7ad15218fc16_grande.jpg?v=1654410098,799.00,lower,six5six
https://www.six5sixstreet.com/collections/bottoms/products/90s-denim-surf-blue,90s Denim Surf Blue,https://cdn.shopify.com/s/files/1/0261/6518/2569/products/2_854e4009-e39a-4994-ac99-cf80dfc95ce4_grande.jpg?v=1654434142,999.00,lower,six5six
https://www.six5sixstreet.com/collections/bottoms/products/barcode-denims,Barcode Denims,https://cdn.shopify.com/s/files/1/0261/6518/2569/products/1_f8f06bcb-89a6-44f8-a77f-3a13b8503dc2_grande.jpg?v=1649148152,799.00,lower,six5six
https://www.six5sixstreet.com/collections/bottoms/products/split-ink-pants,Spilt Ink Pants,https://cdn.shopify.com/s/files/1/0261/6518/2569/products/74_grande.jpg?v=1646399989,799.00,lower,six5six
https://www.six5sixstreet.com/collections/bottoms/products/90s-denim-4,90s Denim Purple,https://cdn.shopify.com/s/files/1/0261/6518/2569/products/51_grande.jpg?v=1646400066,999.00,lower,six5six
https://www.six5sixstreet.com/collections/bottoms/products/90s-denim-3,90s Denim Orange,https://cdn.shopify.com/s/files/1/0261/6518/2569/products/116_grande.jpg?v=1646393967,999.00,lower,six5six
https://supervek.in/products/dad-caps?_pos=1&_fid=a5a3047a2&_ss=c,Thunder Dad Cap Black,https://supervek.in/cdn/shop/products/Supervek8629-Edit_300x.jpg?v=1667212398,895.00,headgear,Supervek
https://supervek.in/products/classic-baseball-cap?_pos=2&_fid=a5a3047a2&_ss=c,Classic Dad Cap,https://supervek.in/cdn/shop/products/3_400x.png?v=1654773225,795.00,headgear,Supervek
https://supervek.in/products/lit-baseball-cap?_pos=3&_fid=a5a3047a2&_ss=c,Lit Baseball Cap,https://supervek.in/cdn/shop/products/8-01_1000x.jpg?v=1654085564,1195.00,headgear,Supervek
https://supervek.in/products/blaze-it-baseball-cap?_fid=a5a3047a2,Blaze it Ball Cap,https://supervek.in/cdn/shop/products/front_b9e3d72a-9aa2-42ff-b880-46f296176717_700x.jpg?v=1654771530,1095,headgear,Supervek
https://supervek.in/products/vekalien-baseball-cap?_fid=a5a3047a2,Vekalien Baseball Cap,https://supervek.in/cdn/shop/products/6_1000x.png?v=1672642779,1095,headgear,Supervek
https://supervek.in/products/gnarly-baseball-cap?_fid=a5a3047a2,Gnarly Baseball Cap,https://supervek.in/cdn/shop/products/front_76d8854a-8877-43d3-bac7-26e8208628b7_1000x.jpg?v=1654772865,1195,headgear,Supervek
https://supervek.in/products/thunder-dad-cap-white?_fid=a5a3047a2,Thunder Dad Cap White,https://supervek.in/cdn/shop/files/Supervek8590-Edit_f37c026f-3fcc-4cf4-bb26-548edf3c0f2c_1000x.jpg?v=1699009313,895,headgear,Supervek
https://supervek.in/products/og-thunder-baseball-cap-brick-red?_fid=a5a3047a2,OG Thunder Baseball Cap,https://supervek.in/cdn/shop/files/1_d405f917-5d50-4cf9-a6d8-dd1804fe7222_1000x.jpg?v=1699000139,1495,headgear,Supervek
https://supervek.in/products/candy-baseball-cap?_fid=a5a3047a2,Candy Baseball Cap,https://supervek.in/cdn/shop/products/9_1000x.png?v=1654083596,1195,headgear,Supervek
https://supervek.in/products/thunder-dad-cap-pink?_fid=a5a3047a2,Thunder Dad Cap Pink,https://supervek.in/cdn/shop/files/Supervek8574-Edit_11948480-bdda-4a40-8462-7b1e5641ef7e_1000x.jpg?v=1699010545,895,headgear,Supervek
https://supervek.in/products/thunder-dad-cap-red?_fid=a5a3047a2,Thunder Dap Cap Red,https://supervek.in/cdn/shop/files/Supervek8564-Edit_11a9fad8-a772-4f83-b18f-e195aad75cd1_1000x.jpg?v=1699010684,895,headgear,Supervek
https://supervek.in/products/vekalien-baseball-cap-neongreen?_fid=a5a3047a2,Vekalien Baseball Cap Neon Green,https://supervek.in/cdn/shop/files/10_cec03f19-160b-4ec9-aa9a-32f57ec164dc_1000x.png?v=1700216912,1095,headgear,Supervek
https://supervek.in/products/classic-bucket-hat,Classic Bucket Hat,https://supervek.in/cdn/shop/products/black_1000x.jpg?v=1629205254,695,headgear,Supervek
https://supervek.in/products/snapback,OG Thunder Snapback,https://supervek.in/cdn/shop/products/1_464613a7-d27a-4eb2-9bcf-c9adaa230d7c_1000x.jpg?v=1650016866,995,headgear,Supervek
https://supervek.in/products/classic-veker-red-snapback-cap,Classic Veker Snapback,https://supervek.in/cdn/shop/products/1_3_1000x.jpg?v=1650975907,995,headgear,Supervek
https://supervek.in/products/trucker-caps,OG Thunder Trucker Cap,https://supervek.in/cdn/shop/products/Side2_2e701a20-9258-4c74-aae0-e256ccd25d54_1000x.jpg?v=1671861194,1095,headgear,Supervek
https://supervek.in/products/memento-mori-baseball-cap,Memento Mori Baseball Cap,https://supervek.in/cdn/shop/products/7_1000x.png?v=1654085440,1195,headgear,Supervek
https://supervek.in/products/lit-reversible-bucket-hat,Lit Reversible Bucket Hat,https://supervek.in/cdn/shop/products/Flame1_1000x.jpg?v=1624905401,1795,headgear,Supervek
https://supervek.in/products/alien-reversible-bucket-hat,Alien Reversible Bucket Hat,https://supervek.in/cdn/shop/products/Beanies_1000x.jpg?v=1638878836,1395,headgear,Supervek
https://supervek.in/products/bandana-reversible-bucket-hat,Bandana Reversible Bucket Hat,https://supervek.in/cdn/shop/products/32_1000x.jpg?v=1636524474,1495,headgear,Supervek
https://supervek.in/products/reversible-unisex-bucket-hat,Reversible Unisex Bucket Hat,https://supervek.in/cdn/shop/products/air1_1000x.jpg?v=1624907422,1195,headgear,Supervek
https://supervek.in/products/stickulture-5-panel-cap,Stickulture 5 Panel Cap,https://supervek.in/cdn/shop/products/4_42fb6b2a-ee86-49ce-b7f0-244310f28379_1000x.jpg?v=1624906849,995,headgear,Supervek
https://supervek.in/products/blazing-star-black-snapback-cap,Blazing Star Black Snapback,https://supervek.in/cdn/shop/products/front_dfe2c8da-0f8c-4bef-8384-41ae4868c550_1000x.jpg?v=1624903752,995,headgear,Supervek
https://supervek.in/products/checkered-reversible-bucket-hat,Checkered Reversible Bucket HAT,https://supervek.in/cdn/shop/products/check1_1000x.jpg?v=1624904114,1195,headgear,Supervek
https://supervek.in/products/reflective-reversible-bucket-hat,Reflective Reversible Bucket Hat,https://supervek.in/cdn/shop/products/air2_1000x.jpg?v=1624905956,1495,headgear,Supervek
https://supervek.in/products/tie-dye-5-panel-cap,Tie Dye 5 Panel Cap,https://supervek.in/cdn/shop/products/4_8f9c9f39-2933-49b2-86fd-04175f900282_1000x.jpg?v=1624907662,995,headgear,Supervek
https://supervek.in/products/tiger-trucker,Tiger Trucker Cap,https://supervek.in/cdn/shop/products/Side2_53727321-34e4-4750-8538-e0421df0282e_1000x.jpg?v=1650977551,1395,headgear,Supervek
https://supervek.in/products/trucker-black,Black Trucker Cap,https://supervek.in/cdn/shop/products/Side2_1_1000x.jpg?v=1650977558,1095,headgear,Supervek
https://supervek.in/products/tie-dye-reversible-bucket-hat,Tier Dye Reversible Bucket Hat,https://supervek.in/cdn/shop/products/3_1_f4c092fd-3864-42ed-8e6c-e756f172cd07_1000x.jpg?v=1630073078,1195,headgear,Supervek
https://supervek.in/products/vekalien-baseball-cap,Vekalien Baseball Cap,https://supervek.in/cdn/shop/products/6_1000x.png?v=1672642779,1095,headgear,Supervek
https://supervek.in/products/skate-life-reversible-bucket-hat,Skate Life Reversible Bucket Hat,https://supervek.in/cdn/shop/products/12_2_1000x.jpg?v=1629354034,1195,headgear,Supervek
https://supervek.in/products/gnarly-baseball-cap,Gnarly Baseball Cap,https://supervek.in/cdn/shop/products/front_76d8854a-8877-43d3-bac7-26e8208628b7_1000x.jpg?v=1654772865,1195,headgear,Supervek
https://supervek.in/products/classic-baseball-cap,Classic Baseball Cap,https://supervek.in/cdn/shop/products/3_1000x.png?v=1654773225,795,headgear,Supervek
https://supervek.in/products/lit-5-panel,Lit 5 Panel,https://supervek.in/cdn/shop/products/1_50eb7070-d0e2-44dd-beaf-c7eafbf2a5fa_1000x.jpg?v=1650283530,1095,headgear,Supervek
https://supervek.in/products/area-51-5-panel,Area 51 5 Panel,https://supervek.in/cdn/shop/products/1_b8766dd5-4a18-4b6d-b222-0494aaa22690_1000x.jpg?v=1650971360,1095,headgear,Supervek
https://almostgods.com/product/almost-gods-veteran-cap,Veteran Cap,https://almostgods.com/wp-content/uploads/2024/08/Almost-Gods-Veteran-Cap-scaled.webp,"4,500",headgear,Almost Gods
https://almostgods.com/product/arcana-jacquard-cap,Arcana Jacquard Cap,https://almostgods.com/wp-content/uploads/2024/08/Arcana-Jacquard-Cap-scaled.webp,"4,500",headgear,Almost Gods
https://almostgods.com/product/mirage-bucket-hat,Mirage Bucket Hat,https://almostgods.com/wp-content/uploads/2024/03/b-5-scaled.webp,"5,500",headgear,Almost Gods
https://almostgods.com/product/burning-heart-cap-in-black,Burning Heart Cap,https://almostgods.com/wp-content/uploads/2024/01/red-drop-shoulder-campaign-ecom-scaled.jpg,"3,500",headgear,Almost Gods
https://almostgods.com/product/volcano-embroidered-cap-in-black,Volcano Embroidered Cap,https://almostgods.com/wp-content/uploads/2024/01/volc-cap-scaled.webp,"3,500",headgear,Almost Gods
https://almostgods.com/product/embroidered-logo-cap-in-black,Embroidered Logo Cap,https://almostgods.com/wp-content/uploads/2023/10/2-scaled.jpg,"3,000",headgear,Almost Gods
https://www.wearcomet.com/products/x-lowsblackcurrant,X Lows BLACKCURRANT,https://www.wearcomet.com/cdn/shop/files/lateral-min_9f36678c-606b-48b2-9666-f9bc443acf5f.jpg?v=1722936229&width=533,4299,lower,Comet
https://www.wearcomet.com/products/x-lows-pinecone,X Lows PINECONE,https://www.wearcomet.com/cdn/shop/files/lateral-min_342aa061-758d-4648-9f7a-dd9b260d91bf.jpg?v=1724751294&width=533,4299,lower,Comet
https://www.wearcomet.com/products/x-lows-madagascar,X Lows MADAGASCAR,https://www.wearcomet.com/cdn/shop/files/lateral-min_8efe85e6-d8bf-43c1-bcde-aa784cefb724.jpg?v=1722936106&width=533,4299,lower,Comet
https://www.wearcomet.com/products/x-lows-corduroy,X Lows CORDUROY,https://www.wearcomet.com/cdn/shop/files/lateral-min_3f3967eb-1738-43b7-9dac-af135fb8ef45.jpg?v=1724424159&width=533,4299,lower,Comet
https://www.wearcomet.com/products/x-lows-lagoon,X Lows LAGOON,https://www.wearcomet.com/cdn/shop/files/lateral-min_1ce59f50-0b17-4840-9e6f-46200635f279.jpg?v=1724736048&width=533,4299,lower,Comet
https://www.wearcomet.com/products/x-lows-tiramisu,X Lows TIRAMISU,https://www.wearcomet.com/cdn/shop/files/tiramisu_lateral-min.jpg?v=1722317878&width=533,4299,lower,Comet
https://www.wearcomet.com/products/x-lows-ghost,X Lows GHOST,https://www.wearcomet.com/cdn/shop/files/IMG_0134-min_cbeddbe4-4247-4b7c-8e78-a123971140dd.jpg?v=1720845959&width=533,4299,lower,Comet
https://www.wearcomet.com/products/x-lows-wasabi,X Lows WASABI,https://www.wearcomet.com/cdn/shop/files/lateral-min_f5bd769d-86e7-43c4-bf69-9c1928059d07.jpg?v=1727439551&width=533,4299,lower,Comet
https://www.wearcomet.com/products/x-lows-light,X Lows LIGHT,https://www.wearcomet.com/cdn/shop/files/light_lateral-min.jpg?v=1724735803&width=533,4299,lower,Comet
https://www.wearcomet.com/products/x-lows-dark,X Lows DARK,https://www.wearcomet.com/cdn/shop/files/Lateral-extra-lacing-min.jpg?v=1718630579&width=533,4299,lower,Comet
https://www.wearcomet.com/products/x-lows-bubblegum,X Lows BUBBLEGUM,https://www.wearcomet.com/cdn/shop/files/lateral-min_4af4a316-5a27-4613-9bcf-6a53082ed2d1.jpg?v=1722346979&width=533,4299,lower,Comet
https://www.wearcomet.com/products/x-lows-beachball,X Lows BEACHBALL,https://www.wearcomet.com/cdn/shop/files/lateral_3-min.jpg?v=1727441002&width=533,4299,lower,Comet
https://www.wearcomet.com/products/x-lows-pistachio,X Lows PISTACHIO,https://www.wearcomet.com/cdn/shop/files/lateral_782aafc1-daad-449b-bfff-f4b0ae6fd314.jpg?v=1724919195&width=533,4299,lower,Comet
https://www.wearcomet.com/products/x-lows-flamingo,X Lows FLAMINGO,https://www.wearcomet.com/cdn/shop/files/lateral-min_1e85aa22-8d28-4c12-a14e-b34333eca589.jpg?v=1724918915&width=533,4299,lower,Comet
https://www.wearcomet.com/products/x-lows-starburst,X Lows STARBURST,https://www.wearcomet.com/cdn/shop/files/lateral-min_9981b4d4-a786-44f7-bce7-2c1aa16f07f9.jpg?v=1725349676&width=533,4499,lower,Comet
https://www.wearcomet.com/products/x-highs-light,X Highs LIGHT,https://www.wearcomet.com/cdn/shop/files/Lateral-view-min_4a3a171d-92e7-48d3-badb-9e3cf16f4c57.jpg?v=1698138345&width=533,4299,lower,Comet
https://www.wearcomet.com/products/x-lows-neptune,X Lows NEPTUNE,https://www.wearcomet.com/cdn/shop/files/lateral-min_a5d4200b-4479-44b0-9ec4-706ad5bb7899.jpg?v=1720152292&width=533,4299,lower,Comet
https://www.wearcomet.com/products/x-lows-pumpkin,X Lows PUMPKIN,https://www.wearcomet.com/cdn/shop/files/IMG_0108-min_57aecd8c-eb4b-4165-8b26-45fb29c5a19d.jpg?v=1720847488&width=533,"4,500",lower,Comet
https://gullylabs.com/products/gully-number-001-saaj-orange,GULLY NUMBER 001 - SAAJ ORANGE,https://gullylabs.com/cdn/shop/files/M_1_Large_0bca4f53-8ce3-4eb0-ad05-baaddfb4568b.jpg?v=1728794662&width=1280,"8,900.00",lower,Gully Labs
https://gullylabs.com/products/gully-number-001-naadu,GULLY NUMBER 001 - NAADU,https://gullylabs.com/cdn/shop/files/men_onam.jpg?v=1725955581&width=1280,"6,900.00",lower,Gully Labs
https://gullylabs.com/products/gully-number-002-1928-turf-olive,GULLY NUMBER 002 - 1928 TURF OLIVE,https://gullylabs.com/cdn/shop/files/turf_olive_1.jpg?v=1725957547&width=1280,"7,490.00",lower,Gully Labs
https://gullylabs.com/products/gully-number-002-1948-victory-blue,GULLY NUMBER 002 - 1948 VICTORY BLUE,https://gullylabs.com/cdn/shop/files/vic_blu_1.jpg?v=1725957547&width=1280,"7,490.00",lower,Gully Labs
https://gullylabs.com/products/gully-number-002-1980-wizard-red,GULLY NUMBER 002 - 1980 WIZARD RED,https://gullylabs.com/cdn/shop/files/wiz_red_1.jpg?v=1725957547&width=1280,"7,490.00",lower,Gully Labs
https://gullylabs.com/products/the-traveller-icy-blue,THE TRAVELLER - ICY BLUE,https://gullylabs.com/cdn/shop/files/0N9A5234_2_Large_67a99cf4-2005-4470-ba22-49f54bf84fd5.jpg?v=1719490545&width=1280,"12,500.00",lower,Gully Labs
https://gullylabs.com/products/gully-number-001-dvaita-calico-white-men,GULLY NUMBER 001 - DVAITA CALICO WHITE,https://gullylabs.com/cdn/shop/files/DSC09197.jpg?v=1715319440&width=1280,"8,900.00",lower,Gully Labs
https://gullylabs.com/products/gully-number-001-dvaita-kohl-black-men,GULLY NUMBER 001 - DVAITA KOHL BLACK,https://gullylabs.com/cdn/shop/files/DSC09213.jpg?v=1715319457&width=1280,"7,900.00",lower,Gully Labs
https://gullylabs.com/products/gully-number-001-firki-indigo,GULLY NUMBER 001 FIRKI INDIGO,https://gullylabs.com/cdn/shop/files/DSC8200.jpg?v=1692369210&width=1280,"7,900.00",lower,Gully Labs